{"initial_reset_timestamp": 1608196468.0920115, "timestamps": [1608196470.082248, 1608196471.5047367, 1608196472.3152986, 1608196473.0756114, 1608196473.8439589, 1608196474.4974592, 1608196475.2778776, 1608196476.0345614, 1608196476.9510257, 1608196477.7183442], "episode_lengths": [60, 62, 59, 62, 62, 51, 62, 61, 44, 58], "episode_rewards": [-5.0, -5.0, -5.0, -5.0, -5.0, -5.0, -5.0, -5.0, -5.0, -5.0], "episode_types": ["t", "t", "t", "t", "t", "t", "t", "t", "t", "t"]}